Organization,Province,Sector,type
American Friends Service Committee,Bubanza,Food Security and Livelihood,Int NGO
American Friends Service Committee,Rutana,Food Security and Livelihood,Int NGO
American Friends Service Committee,Makamba,Food Security and Livelihood,Int NGO
American Friends Service Committee,Bujumbura Mairie,Food Security and Livelihood,Int NGO
American Friends Service Committee,Cibitoke,Food Security and Livelihood,Int NGO
Association Health For Africa,Rutana,Health,Int NGO
Association Health For Africa,Makamba,Health,Int NGO
Association Health For Africa,Bujumbura Mairie,Health,Int NGO
Association Health For Africa,Bujumbura Mairie,Nutrition,Int NGO
Association Health For Africa,Bujumbura Mairie,Protection,Int NGO
Association Health For Africa,Bujumbura Mairie,Frontline Services to Refugees,Int NGO
Association Health For Africa,Cankuzo,Nutrition,Int NGO
Association Health For Africa,Cankuzo,Protection,Int NGO
Association Health For Africa,Cankuzo,Frontline Services to Refugees,Int NGO
Association Health For Africa,Cankuzo,Health,Int NGO
Association Health For Africa,Cibitoke,Nutrition,Int NGO
Association Health For Africa,Cibitoke,Protection,Int NGO
Association Health For Africa,Cibitoke,Frontline Services to Refugees,Int NGO
Association Health For Africa,Cibitoke,Health,Int NGO
Association Health For Africa,Muyinga,Nutrition,Int NGO
Association Health For Africa,Muyinga,Protection,Int NGO
Association Health For Africa,Muyinga,Frontline Services to Refugees,Int NGO
Association Health For Africa,Muyinga,Health,Int NGO
Association Health For Africa,Ruyigi,Nutrition,Int NGO
Association Health For Africa,Ruyigi,Protection,Int NGO
Association Health For Africa,Ruyigi,Frontline Services to Refugees,Int NGO
Association Health For Africa,Ruyigi,Health,Int NGO
Association Health For Africa,Ngozi,Nutrition,Int NGO
Association Health For Africa,Ngozi,Protection,Int NGO
Association Health For Africa,Ngozi,Frontline Services to Refugees,Int NGO
Association Health For Africa,Ngozi,Health,Int NGO
Avocat Sans Frontieres,Bujumbura Mairie,Frontline Services to Refugees,Int NGO
Avocat Sans Frontieres,Bujumbura Mairie,Protection,Int NGO
Avocat Sans Frontieres,Cankuzo,Frontline Services to Refugees,Int NGO
Avocat Sans Frontieres,Cankuzo,Protection,Int NGO
Avocat Sans Frontieres,Cibitoke,Frontline Services to Refugees,Int NGO
Avocat Sans Frontieres,Muyinga,Frontline Services to Refugees,Int NGO
Avocat Sans Frontieres,Muyinga,Protection,Int NGO
Avocat Sans Frontieres,Ngozi,Frontline Services to Refugees,Int NGO
Avocat Sans Frontieres,Ngozi,Protection,Int NGO
Avocat Sans Frontieres,Ruyigi,Frontline Services to Refugees,Int NGO
Avocat Sans Frontieres,Ruyigi,Protection,Int NGO
AVSI,Bujumbura Mairie,Protection,Int NGO
AVSI,Kayanza,Protection,Int NGO
AVSI,Ngozi,Protection,Int NGO
AVSI,Bujumbura Mairie,Education,Int NGO
AVSI,Kayanza,Education,Int NGO
AVSI,Ngozi,Education,Int NGO
Bibliotheque Sans Frontieres,Cankuzo,Education,Int NGO
Bibliotheque Sans Frontieres,Cankuzo,Protection,Int NGO
Bibliotheque Sans Frontieres,Ngozi,Education,Int NGO
Bibliotheque Sans Frontieres,Ngozi,Frontline Services to Refugees,Int NGO
Caritas International Belgique,Bujumbura Mairie,Frontline Services to Refugees,Int NGO
Caritas International Belgique,Bujumbura Mairie,Protection,Int NGO
Caritas International Belgique,Bujumbura Mairie,Shelter and NFI,Int NGO
Caritas International Belgique,Cankuzo,Frontline Services to Refugees,Int NGO
Caritas International Belgique,Cankuzo,Protection,Int NGO
Caritas International Belgique,Cankuzo,Food security and Livelihood,Int NGO
Caritas International Belgique,Cibitoke,Protection,Int NGO
Caritas International Belgique,Cibitoke,Food security and Livelihood,Int NGO
Caritas International Belgique,Cibitoke,Frontline Services to Refugees,Int NGO
Caritas International Belgique,Muyinga,Protection,Int NGO
Caritas International Belgique,Muyinga,Food security and Livelihood,Int NGO
Caritas International Belgique,Muyinga,Frontline Services to Refugees,Int NGO
Caritas International Belgique,Ngozi,Protection,Int NGO
Caritas International Belgique,Ngozi,Food security and Livelihood,Int NGO
Caritas International Belgique,Ngozi,Frontline Services to Refugees,Int NGO
Catholic Relief Services,Muyinga,Food security and Livelihood,Int NGO
Catholic Relief Services,Muyinga,Nutrition,Int NGO
Catholic Relief Services,Ngozi,Food security and Livelihood,Int NGO
Catholic Relief Services,Ngozi,Nutrition,Int NGO
Christian Aid,Bujumbura Rural,Health,Int NGO
Christian Aid,Bujumbura Mairie,Health,Int NGO
Christian Aid,Makamba,Health,Int NGO
Christian Aid,Rutana,Health,Int NGO
Christian Aid,Bururi,Health,Int NGO
Christian Aid,Makamba,Food security and Livelihood,Int NGO
Christian Aid,Bururi,Food security and Livelihood,Int NGO
Christian Aid,Rutana,Food security and Livelihood,Int NGO
Christian Aid,Kirundo,Food security and Livelihood,Int NGO
Christian Aid,Ngozi,Food security and Livelihood,Int NGO
Christian Aid,Kayanza,Food security and Livelihood,Int NGO
Christian Aid,Muyinga,Food security and Livelihood,Int NGO
Christian Aid,Bujumbura Mairie,Shelter and NFI,Int NGO
Christian Aid,Bujumbura Rural,Shelter and NFI,Int NGO
Christian Aid,Bururi,Shelter and NFI,Int NGO
Christian Aid,Makamba,Shelter and NFI,Int NGO
Christian Outreach Relief and Development,Bujumbura Rural,WASH,Int NGO
Christian Outreach Relief and Development,Bujumbura Rural,Food security and Livelihood,Int NGO
Christian Outreach Relief and Development,Bubanza,Food security and Livelihood,Int NGO
Christian Outreach Relief and Development,Bururi,Food security and Livelihood,Int NGO
Christian Outreach Relief and Development,Gitega,Food security and Livelihood,Int NGO
Christian Outreach Relief and Development,Rutana,Food security and Livelihood,Int NGO
Comitato Collaborazione Medica,Bujumbura Mairie,Health,Int NGO
Comitato Collaborazione Medica,Bujumbura Mairie,Protection,Int NGO
Comitato Collaborazione Medica,Cibitoke,Health,Int NGO
Comitato Collaborazione Medica,Cibitoke,Protection,Int NGO
Comitato Collaborazione Medica,Muramvya,Health,Int NGO
Comitato Collaborazione Medica,Muramvya,Protection,Int NGO
Concern Worldwide,Kirundo,Protection,Int NGO
Concern Worldwide,Cibitoke,Protection,Int NGO
Concern Worldwide,Kirundo,Nutrition,Int NGO
Concern Worldwide,Kirundo,Health,Int NGO
Concern Worldwide,Cibitoke,Health,Int NGO
Concern Worldwide,Bubanza,Shelter and NFI,Int NGO
Concern Worldwide,Bujumbura Mairie,Shelter and NFI,Int NGO
Concern Worldwide,Bujumbura Rural,Shelter and NFI,Int NGO
Concern Worldwide,Bururi,Shelter and NFI,Int NGO
Concern Worldwide,Cankuzo,Shelter and NFI,Int NGO
Concern Worldwide,Cibitoke,Shelter and NFI,Int NGO
Concern Worldwide,Gitega,Shelter and NFI,Int NGO
Concern Worldwide,Karuzi,Shelter and NFI,Int NGO
Concern Worldwide,Kayanza,Shelter and NFI,Int NGO
Concern Worldwide,Kirundo,Shelter and NFI,Int NGO
Concern Worldwide,Makamba,Shelter and NFI,Int NGO
Concern Worldwide,Muramvya,Shelter and NFI,Int NGO
Concern Worldwide,Muyinga,Shelter and NFI,Int NGO
Concern Worldwide,Mwaro,Shelter and NFI,Int NGO
Concern Worldwide,Ngozi,Shelter and NFI,Int NGO
Concern Worldwide,Rutana,Shelter and NFI,Int NGO
Concern Worldwide,Ruyigi,Shelter and NFI,Int NGO
Conseil pour l’Education et le Développement,Bubanza,Protection,Int NGO
Conseil pour l’Education et le Développement,Bubanza,Shelter and NFI,Int NGO
Conseil pour l’Education et le Développement,Bujumbura Mairie,Frontline Services to Refugees,Int NGO
Conseil pour l’Education et le Développement,Bujumbura Mairie,Protection,Int NGO
Conseil pour l’Education et le Développement,Bujumbura Mairie,Shelter and NFI,Int NGO
Conseil pour l’Education et le Développement,Cankuzo,Frontline Services to Refugees,Int NGO
Conseil pour l’Education et le Développement,Cankuzo,Protection,Int NGO
Conseil pour l’Education et le Développement,Cankuzo,Shelter and NFI,Int NGO
Conseil pour l’Education et le Développement,Cankuzo,WASH,Int NGO
Conseil pour l’Education et le Développement,Cibitoke,Frontline Services to Refugees,Int NGO
Conseil pour l’Education et le Développement,Cibitoke,Shelter and NFI,Int NGO
Conseil pour l’Education et le Développement,Cibitoke,WASH,Int NGO
Conseil pour l’Education et le Développement,Muyinga,Food security and Livelihood,Int NGO
Conseil pour l’Education et le Développement,Muyinga,Protection,Int NGO
Conseil pour l’Education et le Développement,Muyinga,Shelter and NFI,Int NGO
Conseil pour l’Education et le Développement,Muyinga,WASH,Int NGO
Conseil pour l’Education et le Développement,Ngozi,Food security and Livelihood,Int NGO
Conseil pour l’Education et le Développement,Ngozi,Protection,Int NGO
Conseil pour l’Education et le Développement,Ngozi,Shelter and NFI,Int NGO
Conseil pour l’Education et le Développement,Ngozi,WASH,Int NGO
Conseil pour l’Education et le Développement,Kayanza,Protection,Int NGO
Conseil pour l’Education et le Développement,Kayanza,Shelter and NFI,Int NGO
Conseil pour l’Education et le Développement,Kirundo,Protection,Int NGO
Conseil pour l’Education et le Développement,Kirundo,Shelter and NFI,Int NGO
Conseil pour l’Education et le Développement,Gitega,Protection,Int NGO
Conseil pour l’Education et le Développement,Gitega,Shelter and NFI,Int NGO
Conseil pour l’Education et le Développement,Ruyigi,Food security and Livelihood,Int NGO
Conseil pour l’Education et le Développement,Ruyigi,Protection,Int NGO
Conseil pour l’Education et le Développement,Ruyigi,Shelter and NFI,Int NGO
Conseil pour l’Education et le Développement,Ruyigi,WASH,Int NGO
Croix-Rouge Burundi,Bubanza,WASH,Int NGO
Croix-Rouge Burundi,Bujumbura Rural,WASH,Int NGO
Croix-Rouge Burundi,Bujumbura Mairie,WASH,Int NGO
Croix-Rouge Burundi,Bururi,WASH,Int NGO
Croix-Rouge Burundi,Cankuzo,WASH,Int NGO
Croix-Rouge Burundi,Cibitoke,WASH,Int NGO
Croix-Rouge Burundi,Gitega,WASH,Int NGO
Croix-Rouge Burundi,Karuzi,WASH,Int NGO
Croix-Rouge Burundi,Kayanza,WASH,Int NGO
Croix-Rouge Burundi,Kirundo,WASH,Int NGO
Croix-Rouge Burundi,Makamba,WASH,Int NGO
Croix-Rouge Burundi,Muramvya,WASH,Int NGO
Croix-Rouge Burundi,Muyinga,WASH,Int NGO
Croix-Rouge Burundi,Mwaro,WASH,Int NGO
Croix-Rouge Burundi,Ngozi,WASH,Int NGO
Croix-Rouge Burundi,Rutana,WASH,Int NGO
Croix-Rouge Burundi,Ruyigi,WASH,Int NGO
Croix-Rouge Burundi,Bubanza,Nutrition,Int NGO
Croix-Rouge Burundi,Bujumbura Rural,Nutrition,Int NGO
Croix-Rouge Burundi,Bujumbura Mairie,Nutrition,Int NGO
Croix-Rouge Burundi,Bururi,Nutrition,Int NGO
Croix-Rouge Burundi,Cankuzo,Nutrition,Int NGO
Croix-Rouge Burundi,Cibitoke,Nutrition,Int NGO
Croix-Rouge Burundi,Gitega,Nutrition,Int NGO
Croix-Rouge Burundi,Karuzi,Nutrition,Int NGO
Croix-Rouge Burundi,Kayanza,Nutrition,Int NGO
Croix-Rouge Burundi,Kirundo,Nutrition,Int NGO
Croix-Rouge Burundi,Makamba,Nutrition,Int NGO
Croix-Rouge Burundi,Muramvya,Nutrition,Int NGO
Croix-Rouge Burundi,Muyinga,Nutrition,Int NGO
Croix-Rouge Burundi,Mwaro,Nutrition,Int NGO
Croix-Rouge Burundi,Ngozi,Nutrition,Int NGO
Croix-Rouge Burundi,Rutana,Nutrition,Int NGO
Croix-Rouge Burundi,Ruyigi,Nutrition,Int NGO
Croix-Rouge Burundi,Bubanza,Protection,Int NGO
Croix-Rouge Burundi,Bujumbura Rural,Protection,Int NGO
Croix-Rouge Burundi,Bujumbura Mairie,Protection,Int NGO
Croix-Rouge Burundi,Bururi,Protection,Int NGO
Croix-Rouge Burundi,Cankuzo,Protection,Int NGO
Croix-Rouge Burundi,Cibitoke,Protection,Int NGO
Croix-Rouge Burundi,Gitega,Protection,Int NGO
Croix-Rouge Burundi,Karuzi,Protection,Int NGO
Croix-Rouge Burundi,Kayanza,Protection,Int NGO
Croix-Rouge Burundi,Kirundo,Protection,Int NGO
Croix-Rouge Burundi,Makamba,Protection,Int NGO
Croix-Rouge Burundi,Muramvya,Protection,Int NGO
Croix-Rouge Burundi,Muyinga,Protection,Int NGO
Croix-Rouge Burundi,Mwaro,Protection,Int NGO
Croix-Rouge Burundi,Ngozi,Protection,Int NGO
Croix-Rouge Burundi,Rutana,Protection,Int NGO
Croix-Rouge Burundi,Ruyigi,Protection,Int NGO
Croix-Rouge Burundi,Bubanza,Health,Int NGO
Croix-Rouge Burundi,Bujumbura Rural,Health,Int NGO
Croix-Rouge Burundi,Bujumbura Mairie,Health,Int NGO
Croix-Rouge Burundi,Bururi,Health,Int NGO
Croix-Rouge Burundi,Cankuzo,Health,Int NGO
Croix-Rouge Burundi,Cibitoke,Health,Int NGO
Croix-Rouge Burundi,Gitega,Health,Int NGO
Croix-Rouge Burundi,Karuzi,Health,Int NGO
Croix-Rouge Burundi,Kayanza,Health,Int NGO
Croix-Rouge Burundi,Kirundo,Health,Int NGO
Croix-Rouge Burundi,Makamba,Health,Int NGO
Croix-Rouge Burundi,Muramvya,Health,Int NGO
Croix-Rouge Burundi,Muyinga,Health,Int NGO
Croix-Rouge Burundi,Mwaro,Health,Int NGO
Croix-Rouge Burundi,Ngozi,Health,Int NGO
Croix-Rouge Burundi,Rutana,Health,Int NGO
Croix-Rouge Burundi,Ruyigi,Health,Int NGO
Croix-Rouge Burundi,Bubanza,Education,Int NGO
Croix-Rouge Burundi,Bujumbura Rural,Education,Int NGO
Croix-Rouge Burundi,Bujumbura Mairie,Education,Int NGO
Croix-Rouge Burundi,Bururi,Education,Int NGO
Croix-Rouge Burundi,Cankuzo,Education,Int NGO
Croix-Rouge Burundi,Cibitoke,Education,Int NGO
Croix-Rouge Burundi,Gitega,Education,Int NGO
Croix-Rouge Burundi,Karuzi,Education,Int NGO
Croix-Rouge Burundi,Kayanza,Education,Int NGO
Croix-Rouge Burundi,Kirundo,Education,Int NGO
Croix-Rouge Burundi,Makamba,Education,Int NGO
Croix-Rouge Burundi,Muramvya,Education,Int NGO
Croix-Rouge Burundi,Muyinga,Education,Int NGO
Croix-Rouge Burundi,Mwaro,Education,Int NGO
Croix-Rouge Burundi,Ngozi,Education,Int NGO
Croix-Rouge Burundi,Rutana,Education,Int NGO
Croix-Rouge Burundi,Ruyigi,Education,Int NGO
FAO,Bujumbura Mairie,Food security and Livelihood,UN
FAO,Makamba,Food security and Livelihood,UN
FAO,Ngozi,Food security and Livelihood,UN
FAO,Ruyigi,Food security and Livelihood,UN
Gruppo di Volontariato Civile,Bubanza,Nutrition,Int NGO
Gruppo di Volontariato Civile,Bujumbura Rural,Nutrition,Int NGO
Gruppo di Volontariato Civile,Cibitoke,Nutrition,Int NGO
Gruppo di Volontariato Civile,Cankuzo,Nutrition,Int NGO
Gruppo di Volontariato Civile,Makamba,Nutrition,Int NGO
Gruppo di Volontariato Civile,Rutana,Nutrition,Int NGO
Gruppo di Volontariato Civile,Ruyigi,Nutrition,Int NGO
Handicap International,Bujumbura Mairie,Protection,Int NGO
Handicap International,Gitega ,Protection,Int NGO
Handicap International,Bujumbura Mairie,Education,Int NGO
Handicap International,Gitega ,Education,Int NGO
Handicap International,Gitega ,Health,Int NGO
Handicap International,Makamba,Health,Int NGO
Handicap International,Muyinga ,Health,Int NGO
HealthNet TPO,Bubanza,Health,Int NGO
HealthNet TPO,Bujumbura Mairie,Health,Int NGO
HealthNet TPO,Cibitoke,Health,Int NGO
HealthNet TPO,Gitega,Health,Int NGO
HealthNet TPO,Makamba,Health,Int NGO
HealthNet TPO,Muyinga,Health,Int NGO
HealthNet TPO,Rutana,Protection,Int NGO
HealthNet TPO,Bubanza,Protection,Int NGO
HealthNet TPO,Bujumbura Mairie,Protection,Int NGO
HealthNet TPO,Cibitoke,Protection,Int NGO
HealthNet TPO,Gitega,Protection,Int NGO
HealthNet TPO,Makamba,Protection,Int NGO
HealthNet TPO,Muyinga,Protection,Int NGO
HOPE 87,Bubanza,Education,Int NGO
HOPE 87,Bujumbura Rural,Education,Int NGO
HOPE 87,Bujumbura Mairie,Education,Int NGO
HOPE 87,Bururi,Education,Int NGO
HOPE 87,Cankuzo,Education,Int NGO
HOPE 87,Cibitoke,Education,Int NGO
HOPE 87,Gitega,Education,Int NGO
HOPE 87,Karuzi,Education,Int NGO
HOPE 87,Kayanza,Education,Int NGO
HOPE 87,Kirundo,Education,Int NGO
HOPE 87,Makamba,Education,Int NGO
HOPE 87,Muramvya,Education,Int NGO
HOPE 87,Muyinga,Education,Int NGO
HOPE 87,Mwaro,Education,Int NGO
HOPE 87,Ngozi,Education,Int NGO
HOPE 87,Rutana,Education,Int NGO
HOPE 87,Ruyigi,Education,Int NGO
International Medical Corps,Muyinga,Nutrition,Int NGO
International Medical Corps,Kirundo,Food security and Livelihood,Int NGO
International Rescue Committee,Makamba,Food security and Livelihood,Int NGO
International Rescue Committee,Makamba,Protection,Int NGO
International Rescue Committee,Ruyigi,Frontline Services to Refugees,Int NGO
International Rescue Committee,Ruyigi,Protection,Int NGO
International Rescue Committee,Ruyigi,Logistics,Int NGO
International Rescue Committee,Muyinga,Frontline Services to Refugees,Int NGO
International Rescue Committee,Muyinga,Food security and Livelihood,Int NGO
International Rescue Committee,Muyinga,Protection,Int NGO
International Rescue Committee,Muyinga,Logistics,Int NGO
International Rescue Committee,Bujumbura Mairie,Logistics,Int NGO
International Rescue Committee,Bujumbura Mairie,Protection,Int NGO
International Rescue Committee,Bujumbura Mairie,Frontline Services to Refugees,Int NGO
International Rescue Committee,Bujumbura Rural,Food security and Livelihood,Int NGO
International Rescue Committee,Bujumbura Rural,Protection,Int NGO
IOM,Bujumbura Mairie,Shelter and NFI,UN
IOM,Makamba,Shelter and NFI,UN
IOM,Rutana,Protection,UN
IOM,Makamba,Protection,UN
IOM,Rutana,Health,UN
IOM,Makamba,Health,UN
IOM,Bujumbura Mairie,Protection,UN
IOM,Muyinga,Frontline Services to Refugees,UN
IOM,Ruyigi,Frontline Services to Refugees,UN
IOM,Bujumbura Rural,Shelter and NFI,UN
IOM,Rutana,Shelter and NFI,UN
Jesuit Refugee Service,Bujumbura Mairie,Education,Int NGO
Jesuit Refugee Service,Bujumbura Mairie,Frontline Services to Refugees,Int NGO
Jesuit Refugee Service,Bujumbura Mairie,Protection,Int NGO
Jesuit Refugee Service,Cankuzo,Education,Int NGO
Jesuit Refugee Service,Cankuzo,Frontline Services to Refugees,Int NGO
Jesuit Refugee Service,Cankuzo,Protection,Int NGO
Jesuit Refugee Service,Cibitoke,Frontline Services to Refugees,Int NGO
Jesuit Refugee Service,Muyinga,Education,Int NGO
Jesuit Refugee Service,Muyinga,Frontline Services to Refugees,Int NGO
Jesuit Refugee Service,Muyinga,Protection,Int NGO
Jesuit Refugee Service,Ngozi,Education,Int NGO
Jesuit Refugee Service,Ngozi,Frontline Services to Refugees,Int NGO
Jesuit Refugee Service,Ngozi,Protection,Int NGO
Jesuit Refugee Service,Ruyigi,Education,Int NGO
Jesuit Refugee Service,Ruyigi,Frontline Services to Refugees,Int NGO
Jesuit Refugee Service,Ruyigi,Protection,Int NGO
LifeNet International,Bujumbura Mairie,Health,Int NGO
LifeNet International,Bujumbura Rural,Health,Int NGO
LifeNet International,Bururi,Health,Int NGO
LifeNet International,Cibitoke,Health,Int NGO
LifeNet International,Gitega,Health,Int NGO
LifeNet International,Kayanza,Health,Int NGO
LifeNet International,Kirundo,Health,Int NGO
LifeNet International,Makamba,Health,Int NGO
LifeNet International,Muramvya,Health,Int NGO
LifeNet International,Mwaro,Health,Int NGO
LifeNet International,Ngozi,Health,Int NGO
LifeNet International,Rutana,Health,Int NGO
LifeNet International,Ruyigi,Health,Int NGO
LVIA,Ruyigi,Food security and Livelihood,Int NGO
LVIA,Rutana,Food security and Livelihood,Int NGO
Médecins Sans Frontières Belgique,Kirundo,Health,Int NGO
Médecins Sans Frontières Belgique,Bujumbura Mairie,Health,Int NGO
Médecins Sans Frontières Belgique,Gitega,Health,Int NGO
Médecins Sans Frontières Belgique,Makamba,Health,Int NGO
Norwegian Chuch Aid,Bujumbura Mairie,WASH,Int NGO
Norwegian Chuch Aid,Bujumbura Rural,WASH,Int NGO
Norwegian Chuch Aid,Kirundo,WASH,Int NGO
One Acre Fund - TUBURA,Muramvya,Food security and Livelihood,Int NGO
One Acre Fund - TUBURA,Gitega,Food security and Livelihood,Int NGO
One Acre Fund - TUBURA,Mwaro,Food security and Livelihood,Int NGO
One Acre Fund - TUBURA,Kayanza,Food security and Livelihood,Int NGO
Organisation d' appui a l'auto Promotion ,Bujumbura Mairie,WASH,Int NGO
OXFAM,Bujumbura Rural,Food security and Livelihood,Int NGO
OXFAM,Bujumbura Rural,WASH,Int NGO
OXFAM,Bubanza,Food security and Livelihood,Int NGO
OXFAM,Bubanza,WASH,Int NGO
OXFAM,Makamba,Food security and Livelihood,Int NGO
OXFAM,Makamba,WASH,Int NGO
Population Health Information,Bubanza,WASH,Int NGO
Population Health Information,Bujumbura Rural,WASH,Int NGO
Population Health Information,Bujumbura Mairie,WASH,Int NGO
Population Health Information,Bururi,WASH,Int NGO
Population Health Information,Cankuzo,WASH,Int NGO
Population Health Information,Cibitoke,WASH,Int NGO
Population Health Information,Gitega,WASH,Int NGO
Population Health Information,Karuzi,WASH,Int NGO
Population Health Information,Kayanza,WASH,Int NGO
Population Health Information,Kirundo,WASH,Int NGO
Population Health Information,Makamba,WASH,Int NGO
Population Health Information,Muramvya,WASH,Int NGO
Population Health Information,Muyinga,WASH,Int NGO
Population Health Information,Mwaro,WASH,Int NGO
Population Health Information,Ngozi,WASH,Int NGO
Population Health Information,Rutana,WASH,Int NGO
Population Health Information,Ruyigi,WASH,Int NGO
Projet d’Appui au Rapatriement et à la Réintégration des Sinistrés,Bubanza,Protection,Nat NGO
Projet d’Appui au Rapatriement et à la Réintégration des Sinistrés,Bubanza,Shelter and NFI,Nat NGO
Projet d’Appui au Rapatriement et à la Réintégration des Sinistrés,Kayanza,Protection,Nat NGO
Projet d’Appui au Rapatriement et à la Réintégration des Sinistrés,Kayanza,Shelter and NFI,Nat NGO
Projet d’Appui au Rapatriement et à la Réintégration des Sinistrés,Gitega,Protection,Nat NGO
Projet d’Appui au Rapatriement et à la Réintégration des Sinistrés,Gitega,Shelter and NFI,Nat NGO
Projet d’Appui au Rapatriement et à la Réintégration des Sinistrés,Ngozi,Protection,Nat NGO
Projet d’Appui au Rapatriement et à la Réintégration des Sinistrés,Ngozi,Shelter and NFI,Nat NGO
Projet d’Appui au Rapatriement et à la Réintégration des Sinistrés,Kirundo,Protection,Nat NGO
Projet d’Appui au Rapatriement et à la Réintégration des Sinistrés,Kirundo,Shelter and NFI,Nat NGO
Refugee Education Trust,Bujumbura Mairie,Education,Int NGO
Refugee Education Trust,Bujumbura Mairie,Protection,Int NGO
Refugee Education Trust,Bururi,Education,Int NGO
Refugee Education Trust,Bururi,Protection,Int NGO
Refugee Education Trust,Makamba,Education,Int NGO
Refugee Education Trust,Makamba,Protection,Int NGO
Refugee Education Trust,Rutana,Education,Int NGO
Refugee Education Trust,Rutana,Protection,Int NGO
Right to Play,Bubanza,Protection,Int NGO
Right to Play,Bujumbura Rural,Protection,Int NGO
Right to Play,Bujumbura Mairie,Protection,Int NGO
Right to Play,Bururi,Protection,Int NGO
Right to Play,Cankuzo,Protection,Int NGO
Right to Play,Cibitoke,Protection,Int NGO
Right to Play,Gitega,Protection,Int NGO
Right to Play,Karuzi,Protection,Int NGO
Right to Play,Kayanza,Protection,Int NGO
Right to Play,Kirundo,Protection,Int NGO
Right to Play,Makamba,Protection,Int NGO
Right to Play,Muramvya,Protection,Int NGO
Right to Play,Muyinga,Protection,Int NGO
Right to Play,Mwaro,Protection,Int NGO
Right to Play,Ngozi,Protection,Int NGO
Right to Play,Rutana,Protection,Int NGO
Right to Play,Ruyigi,Protection,Int NGO
Right to Play,Bubanza,Education,Int NGO
Right to Play,Bujumbura Rural,Education,Int NGO
Right to Play,Bujumbura Mairie,Education,Int NGO
Right to Play,Bururi,Education,Int NGO
Right to Play,Cankuzo,Education,Int NGO
Right to Play,Cibitoke,Education,Int NGO
Right to Play,Gitega,Education,Int NGO
Right to Play,Karuzi,Education,Int NGO
Right to Play,Kayanza,Education,Int NGO
Right to Play,Kirundo,Education,Int NGO
Right to Play,Makamba,Education,Int NGO
Right to Play,Muramvya,Education,Int NGO
Right to Play,Muyinga,Education,Int NGO
Right to Play,Mwaro,Education,Int NGO
Right to Play,Ngozi,Education,Int NGO
Right to Play,Rutana,Education,Int NGO
Right to Play,Ruyigi,Education,Int NGO
Send a Cow,Bujumbura Rural,Food security and Livelihood,Int NGO
Send a Cow,Mwaro,Food security and Livelihood,Int NGO
Send a Cow,Bujumbura Rural,Nutrition,Int NGO
Send a Cow,Mwaro,Nutrition,Int NGO
Sport Sans Frontieres,Bubanza,Protection,Int NGO
Sport Sans Frontieres,Bujumbura Rural,Protection,Int NGO
Sport Sans Frontieres,Bujumbura Mairie,Protection,Int NGO
Sport Sans Frontieres,Cankuzo,Protection,Int NGO
Sport Sans Frontieres,Cibitoke,Protection,Int NGO
Sport Sans Frontieres,Gitega,Protection,Int NGO
Sport Sans Frontieres,Karuzi,Protection,Int NGO
Sport Sans Frontieres,Kirundo,Protection,Int NGO
Sport Sans Frontieres,Makamba,Protection,Int NGO
Sport Sans Frontieres,Muramvya,Protection,Int NGO
Sport Sans Frontieres,Muyinga,Protection,Int NGO
Sport Sans Frontieres,Mwaro,Protection,Int NGO
Sport Sans Frontieres,Ngozi,Protection,Int NGO
Sport Sans Frontieres,Rutana,Protection,Int NGO
Sport Sans Frontieres,Ruyigi,Protection,Int NGO
Sport Sans Frontieres,Bubanza,Education,Int NGO
Sport Sans Frontieres,Bujumbura Rural,Education,Int NGO
Sport Sans Frontieres,Cankuzo,Education,Int NGO
Sport Sans Frontieres,Cibitoke,Education,Int NGO
Sport Sans Frontieres,Gitega,Education,Int NGO
Sport Sans Frontieres,Karuzi,Education,Int NGO
Sport Sans Frontieres,Kirundo,Education,Int NGO
Sport Sans Frontieres,Makamba,Education,Int NGO
Sport Sans Frontieres,Muramvya,Education,Int NGO
Sport Sans Frontieres,Muyinga,Education,Int NGO
Sport Sans Frontieres,Mwaro,Education,Int NGO
Sport Sans Frontieres,Ngozi,Education,Int NGO
Sport Sans Frontieres,Rutana,Education,Int NGO
Sport Sans Frontieres,Ruyigi,Education,Int NGO
Sport Sans Frontieres,Bururi,Protection,Int NGO
Sport Sans Frontieres,Kayanza,Protection,Int NGO
Sport Sans Frontieres,Mwaro,Protection,Int NGO
Sport Sans Frontieres,Bujumbura Mairie,Education,Int NGO
Sport Sans Frontieres,Bururi,Education,Int NGO
Sport Sans Frontieres,Kayanza,Education,Int NGO
Terres de Hommes,Bujumbura Mairie,Protection,Int NGO
Terres de Hommes,Bujumbura Mairie,Education,Int NGO
Terres de Hommes,Bujumbura Rural,Protection,Int NGO
Terres de Hommes,Bujumbura Rural,Education,Int NGO
Terres de Hommes,Gitega,Protection,Int NGO
Terres de Hommes,Gitega,Education,Int NGO
Terres de Hommes,Karuzi,Protection,Int NGO
Terres de Hommes,Karuzi,Education,Int NGO
Terres de Hommes,Kayanza,Protection,Int NGO
Terres de Hommes,Kayanza,Education,Int NGO
Terres de Hommes,Kirundo,Protection,Int NGO
Terres de Hommes,Kirundo,Education,Int NGO
Terres de Hommes,Ngozi,Protection,Int NGO
Terres de Hommes,Ngozi,Education,Int NGO
UNFPA,Bujumbura Mairie,Health,UN
UNFPA,Bubanza,Health,UN
UNFPA,Bujumbura Rural,Health,UN
UNFPA,Bururi,Health,UN
UNFPA,Cibitoke,Health,UN
UNFPA,Gitega,Health,UN
UNFPA,Kayanza,Health,UN
UNFPA,Kirundo,Health,UN
UNFPA,Makamba,Health,UN
UNFPA,Muyinga,Health,UN
UNFPA,Ngozi,Health,UN
UNFPA,Ruyigi,Health,UN
UNFPA,Bujumbura Mairie,Protection,UN
UNFPA,Bubanza,Protection,UN
UNFPA,Bujumbura Rural,Protection,UN
UNFPA,Bururi,Protection,UN
UNFPA,Cibitoke,Protection,UN
UNFPA,Gitega,Protection,UN
UNFPA,Kayanza,Protection,UN
UNFPA,Kirundo,Protection,UN
UNFPA,Makamba,Protection,UN
UNFPA,Muyinga,Protection,UN
UNFPA,Ngozi,Protection,UN
UNFPA,Ruyigi,Protection,UN
UNHCR,Bujumbura Mairie,Protection,UN
UNHCR,Bujumbura Mairie,Frontline Services to Refugees,UN
UNHCR,Bujumbura Mairie,Health,UN
UNHCR,Bujumbura Mairie,Education,UN
UNHCR,Bujumbura Mairie,Food security and Livelihood,UN
UNHCR,Cibitoke,Protection,UN
UNHCR,Ruyigi,Protection,UN
UNHCR,Ruyigi,CCCM,UN
UNHCR,Ruyigi,Education,UN
UNHCR,Ruyigi,Food security and Livelihood,UN
UNHCR,Ruyigi,Frontline Services to Refugees,UN
UNHCR,Ruyigi,Health,UN
UNHCR,Ruyigi,Shelter and NFI,UN
UNHCR,Ruyigi,WASH,UN
UNHCR,Bubanza,Protection,UN
UNHCR,Bubanza,Shelter and NFI,UN
UNHCR,Cankuzo,Frontline Services to Refugees,UN
UNHCR,Cankuzo,Health,UN
UNHCR,Cankuzo,Education,UN
UNHCR,Cankuzo,Food security and Livelihood,UN
UNHCR,Cankuzo,Protection,UN
UNHCR,Cankuzo,WASH,UN
UNHCR,Cankuzo,Shelter and NFI,UN
UNHCR,Cibitoke,Frontline Services to Refugees,UN
UNHCR,Cibitoke,Health,UN
UNHCR,Cibitoke,Food security and Livelihood,UN
UNHCR,Cibitoke,WASH,UN
UNHCR,Cibitoke,Shelter and NFI,UN
UNHCR,Muyinga,Frontline Services to Refugees,UN
UNHCR,Muyinga,Health,UN
UNHCR,Muyinga,Education,UN
UNHCR,Muyinga,Food security and Livelihood,UN
UNHCR,Muyinga,Protection,UN
UNHCR,Muyinga,WASH,UN
UNHCR,Muyinga,Shelter and NFI,UN
UNHCR,Ngozi,Frontline Services to Refugees,UN
UNHCR,Ngozi,Health,UN
UNHCR,Ngozi,Education,UN
UNHCR,Ngozi,Food security and Livelihood,UN
UNHCR,Ngozi,Protection,UN
UNHCR,Ngozi,WASH,UN
UNHCR,Ngozi,Shelter and NFI,UN
UNHCR,Rutana,Protection,UN
UNHCR,Rutana,Frontline Services to Refugees,UN
UNHCR,Kayanza,Protection,UN
UNHCR,Kayanza,Shelter and NFI,UN
UNHCR,Kirundo,Protection,UN
UNHCR,Kirundo,Shelter and NFI,UN
UNHCR,Gitega,Protection,UN
UNHCR,Gitega,Shelter and NFI,UN
UNICEF,Bubanza,Education,UN
UNICEF,Bujumbura Rural,Education,UN
UNICEF,Bujumbura Mairie,Education,UN
UNICEF,Bururi,Education,UN
UNICEF,Cankuzo,Education,UN
UNICEF,Cibitoke,Education,UN
UNICEF,Gitega,Education,UN
UNICEF,Karuzi,Education,UN
UNICEF,Kayanza,Education,UN
UNICEF,Kirundo,Education,UN
UNICEF,Makamba,Education,UN
UNICEF,Muramvya,Education,UN
UNICEF,Muyinga,Education,UN
UNICEF,Mwaro,Education,UN
UNICEF,Ngozi,Education,UN
UNICEF,Rutana,Education,UN
UNICEF,Ruyigi,Education,UN
UNICEF,Bubanza,Health,UN
UNICEF,Bujumbura Rural,Health,UN
UNICEF,Bujumbura Mairie,Health,UN
UNICEF,Bururi,Health,UN
UNICEF,Cankuzo,Health,UN
UNICEF,Cibitoke,Health,UN
UNICEF,Gitega,Health,UN
UNICEF,Karuzi,Health,UN
UNICEF,Kayanza,Health,UN
UNICEF,Kirundo,Health,UN
UNICEF,Makamba,Health,UN
UNICEF,Muramvya,Health,UN
UNICEF,Muyinga,Health,UN
UNICEF,Mwaro,Health,UN
UNICEF,Ngozi,Health,UN
UNICEF,Rutana,Health,UN
UNICEF,Ruyigi,Health,UN
UNICEF,Bubanza,Protection,UN
UNICEF,Bujumbura Rural,Protection,UN
UNICEF,Bujumbura Mairie,Protection,UN
UNICEF,Bururi,Protection,UN
UNICEF,Cankuzo,Protection,UN
UNICEF,Cibitoke,Protection,UN
UNICEF,Gitega,Protection,UN
UNICEF,Karuzi,Protection,UN
UNICEF,Kayanza,Protection,UN
UNICEF,Kirundo,Protection,UN
UNICEF,Makamba,Protection,UN
UNICEF,Muramvya,Protection,UN
UNICEF,Muyinga,Protection,UN
UNICEF,Mwaro,Protection,UN
UNICEF,Ngozi,Protection,UN
UNICEF,Rutana,Protection,UN
UNICEF,Ruyigi,Protection,UN
UNICEF,Bubanza,WASH,UN
UNICEF,Bujumbura Rural,WASH,UN
UNICEF,Bujumbura Mairie,WASH,UN
UNICEF,Bururi,WASH,UN
UNICEF,Cankuzo,WASH,UN
UNICEF,Cibitoke,WASH,UN
UNICEF,Gitega,WASH,UN
UNICEF,Karuzi,WASH,UN
UNICEF,Kayanza,WASH,UN
UNICEF,Kirundo,WASH,UN
UNICEF,Makamba,WASH,UN
UNICEF,Muramvya,WASH,UN
UNICEF,Muyinga,WASH,UN
UNICEF,Mwaro,WASH,UN
UNICEF,Ngozi,WASH,UN
UNICEF,Rutana,WASH,UN
UNICEF,Ruyigi,WASH,UN
UNICEF,Bubanza,Nutrition,UN
UNICEF,Bujumbura Rural,Nutrition,UN
UNICEF,Bujumbura Mairie,Nutrition,UN
UNICEF,Bururi,Nutrition,UN
UNICEF,Cankuzo,Nutrition,UN
UNICEF,Cibitoke,Nutrition,UN
UNICEF,Gitega,Nutrition,UN
UNICEF,Karuzi,Nutrition,UN
UNICEF,Kayanza,Nutrition,UN
UNICEF,Kirundo,Nutrition,UN
UNICEF,Makamba,Nutrition,UN
UNICEF,Muramvya,Nutrition,UN
UNICEF,Muyinga,Nutrition,UN
UNICEF,Mwaro,Nutrition,UN
UNICEF,Ngozi,Nutrition,UN
UNICEF,Rutana,Nutrition,UN
UNICEF,Ruyigi,Nutrition,UN
WarChild,Bururi,Protection,Int NGO
WarChild,Bujumbura Rural,Protection,Int NGO
WarChild,Bujumbura Mairie,Protection,Int NGO
WarChild,Cibitoke,Protection,Int NGO
WarChild,Bubanza,Protection,Int NGO
WarChild,Bururi,Education,Int NGO
WarChild,Bujumbura Rural,Education,Int NGO
WarChild,Bujumbura Mairie,Education,Int NGO
WarChild,Cibitoke,Education,Int NGO
WarChild,Bubanza,Education,Int NGO
Welthungerhilfe,Kirundo,WASH,Int NGO
Welthungerhilfe,Kirundo,Food security and Livelihood,Int NGO
Welthungerhilfe,Ngozi,Food security and Livelihood,Int NGO
Welthungerhilfe,Ngozi,Nutrition,Int NGO
Welthungerhilfe,Ngozi,WASH,Int NGO
WFP,Bubanza,Education,UN
WFP,Bubanza,Nutrition,UN
WFP,Bujumbura Rural,Education,UN
WFP,Bujumbura Rural,Nutrition,UN
WFP,Bururi,Education,UN
WFP,Cankuzo,Frontline Services to Refugees,UN
WFP,Cankuzo,Food Security and Livelihood,UN
WFP,Cibitoke,Education,UN
WFP,Karuzi,Nutrition,UN
WFP,Karuzi,Food Security and Livelihood,UN
WFP,Karuzi,Food Security and Livelihood,UN
WFP,Kayanza,Food Security and Livelihood,UN
WFP,Kirundo,Food Security and Livelihood,UN
WFP,Kirundo,Education,UN
WFP,Makamba,Education,UN
WFP,Muramvya,Nutrition,UN
WFP,Gitega,Food Security and Livelihood,UN
WFP,Mwaro,Nutrition,UN
WFP,Rutana,Nutrition,UN
WFP,Rutana,Food Security and Livelihood,UN
WFP,Rutana,Education,UN
WFP,Ruyigi,Education,UN
WFP,Ruyigi,Nutrition,UN
WFP,Ruyigi,Frontline Services to Refugees,UN
WFP,Muyinga,Frontline Services to Refugees,UN
WFP,Muyinga,Education,UN
WFP,Muyinga,Food Security and Livelihood,UN
WFP,Ngozi,Nutrition,UN
WFP,Ngozi,Food Security and Livelihood,UN
WFP,Ngozi,Education,UN
WFP,Ngozi,Frontline Services to Refugees,UN
WFP,Bubanza,Logistics,UN
WFP,Bujumbura Mairie,Logistics,UN
WFP,Bujumbura Rural,Logistics,UN
WFP,Bururi,Logistics,UN
WFP,Cankuzo,Logistics,UN
WFP,Cibitoke,Logistics,UN
WFP,Gitega,Logistics,UN
WFP,Karuzi,Logistics,UN
WFP,Kayanza,Logistics,UN
WFP,Kirundo,Logistics,UN
WFP,Makamba,Logistics,UN
WFP,Muyinga,Logistics,UN
WFP,Muramvya,Logistics,UN
WFP,Mwaro,Logistics,UN
WFP,Ngozi,Logistics,UN
WFP,Rutana,Logistics,UN
WFP,Ruyigi,Logistics,UN
WHO,Bujumbura Mairie,Health,UN
World Vision International Burundi,Rutana,Food security and Livelihood,Int NGO
World Vision International Burundi,Muramvya,Nutrition,Int NGO
World Vision International Burundi,Karuzi,Food security and Livelihood,Int NGO
World Vision International Burundi,Cankuzo,Food security and Livelihood,Int NGO
World Vision International Burundi,Cankuzo ,Nutrition,Int NGO
World Vision International Burundi,Rutana,Nutrition,Int NGO
World Vision International Burundi,Karuzi,Nutrition,Int NGO
World Vision International Burundi,Muyinga,Protection,Int NGO
World Vision International Burundi,Bujumbura rural,Food security and Livelihood,Int NGO
World Vision International Burundi,Gitega,Food security and Livelihood,Int NGO
ZOA,Cibitoke,Food security and Livelihood,Int NGO
ZOA,Cibitoke,WASH,Int NGO
ZOA,Makamba,Food security and Livelihood,Int NGO
